layer,field,alias,type,length,nullable,domain,codedValues
Sites,ObjectID,ObjectID,OID,,,,
Sites,SITE_ID,Site ID,String,255,,,
Sites,NAME,Name,String,100,,,
Sites,NAME_LONG,Long Name,String,255,,,
Sites,SHAPE,Shape,Geometry,,,,
Sites,SHAPE_Length,SHAPE_Length,Double,,,,
Sites,SHAPE_Area,SHAPE_Area,Double,,,,
Sites,CREATED_USER,Created User,String,255,,,
Sites,CREATED_DATE,Created Date,Date,8,,,
Sites,LAST_EDITED_USER,Last Edited User,String,255,,,
Sites,LAST_EDITED_DATE,Last Edited Date,Date,8,,,
Sites,GlobalID,GlobalID,GlobalID,38,,,
Sites,VALIDATIONSTATUS,Validation status,SmallInteger,,,Validation Status,"0=No calculation required, no validation required, no error; 1=No calculation required, no validation required, has error(s); 2=No calculation required, validation required, no error; 3=No calculation required, validation required, has error(s); 4=Calculation required, no validation required, no error; 5=Calculation required, no validation required, has error(s); 6=Calculation required, validation required, no error; 7=Calculation required, validation required, has error(s)"
Facilities,objectid,ObjectID,OID,4,False,,
Facilities,facility_id,Facility ID,String,255,False,,
Facilities,name,Name,String,100,False,,
Facilities,name_long,Long Name,String,255,True,,
Facilities,site_id,Site ID,String,255,True,,
Facilities,height_relative,Relative Height,Double,,True,,
Facilities,levels_above_ground,Levels Above Ground,Integer,,True,,
Facilities,created_user,Created User,String,255,True,,
Facilities,created_date,Created Date,Date,29,True,,
Facilities,last_edited_user,Last Edited User,String,255,True,,
Facilities,last_edited_date,Last Edited Date,Date,29,True,,
Facilities,globalid,GlobalID,GlobalID,38,False,,
Facilities,validationstatus,Validation status,SmallInteger,,True,Validation Status,"0=No calculation required, no validation required, no error; 1=No calculation required, no validation required, has error(s); 2=No calculation required, validation required, no error; 3=No calculation required, validation required, has error(s); 4=Calculation required, no validation required, no error; 5=Calculation required, no validation required, has error(s); 6=Calculation required, validation required, no error; 7=Calculation required, validation required, has error(s)"
Facilities,archibus_id,Archibus_ID,String,16,True,,
Facilities,campus,Campus,String,50,True,,
Facilities,address,Address,String,150,True,,
Facilities,image_url,image_url,String,5000,True,,
Facilities,primary_use,primary_use,String,40,True,dFacilitiesPrimaryUse,Administration=Administration; Dormitory=Dormitory; Instruction=Instruction; Library=Library; Mixed Use=Mixed Use; Multifamily=Multifamily; Office=Office; Parking Garage=Parking Garage; Power Plant=Power Plant; Recreation=Recreation; Research=Research; Residence Hall=Residence Hall
Facilities,below_grade,Below Grade,String,5,True,dBoolean,Y=Yes; N=No
Facilities,name_alias,Alias,String,255,True,,
Facilities,SHAPE__Length,SHAPE__Length,Double,,True,,
Facilities,SHAPE__Area,SHAPE__Area,Double,,True,,
Exterior Spaces,objectid,ObjectID,OID,4,False,,
Exterior Spaces,facility_id,Facility ID,String,255,False,,
Exterior Spaces,name,Name,String,100,False,,
Exterior Spaces,name_long,Long Name,String,255,True,,
Exterior Spaces,site_id,Site ID,String,255,True,,
Exterior Spaces,height_relative,Relative Height,Double,,True,,
Exterior Spaces,levels_above_ground,Levels Above Ground,Integer,,True,,
Exterior Spaces,created_user,Created User,String,255,True,,
Exterior Spaces,created_date,Created Date,Date,29,True,,
Exterior Spaces,last_edited_user,Last Edited User,String,255,True,,
Exterior Spaces,last_edited_date,Last Edited Date,Date,29,True,,
Exterior Spaces,globalid,GlobalID,GlobalID,38,False,,
Exterior Spaces,validationstatus,Validation status,SmallInteger,,True,Validation Status,"0=No calculation required, no validation required, no error; 1=No calculation required, no validation required, has error(s); 2=No calculation required, validation required, no error; 3=No calculation required, validation required, has error(s); 4=Calculation required, no validation required, no error; 5=Calculation required, no validation required, has error(s); 6=Calculation required, validation required, no error; 7=Calculation required, validation required, has error(s)"
Exterior Spaces,archibus_id,Archibus_ID,String,16,True,,
Exterior Spaces,campus,Campus,String,50,True,,
Exterior Spaces,address,Address,String,150,True,,
Exterior Spaces,image_url,image_url,String,5000,True,,
Exterior Spaces,primary_use,primary_use,String,40,True,,
Exterior Spaces,below_grade,Below Grade,String,5,True,dBoolean,Y=Yes; N=No
Exterior Spaces,level_id,Level ID,String,255,True,,
Exterior Spaces,SHAPE__Length,SHAPE__Length,Double,,True,,
Exterior Spaces,SHAPE__Area,SHAPE__Area,Double,,True,,
Pathways,objectid,OBJECTID,OID,4,False,,
Pathways,globalid,globalid,GlobalID,38,False,,
Pathways,ihcd2021routesurveycode,Compliant Access Route,String,255,True,d_path_accessible_73,PartiallyCompliant=Partially Compliant; NonCompliant=May Have Travel Hazards; FullyCompliant=Compliant Accessible Route; Other=Other
Pathways,created_user,created_user,String,255,True,,
Pathways,created_date,created_date,Date,29,True,,
Pathways,last_edited_user,last_edited_user,String,255,True,,
Pathways,last_edited_date,last_edited_date,Date,29,True,,
Pathways,delay,Delay,Integer,,True,,
Pathways,facility_id,Facility ID,String,255,True,,
Pathways,facility_name,Facility Name,String,100,True,dFacilityName_9,"101 W 29th St=101 W 29th St; 2731 N Charles St=2731 N Charles St; 2733 N Charles St=2733 N Charles St; 3001 N Charles St=3001 N Charles St; 3001 Remington Ave=3001 Remington Ave; 3101 N Charles St=3101 N Charles St; 3103 N Charles St=3103 N Charles St; 3105 N Charles St=3105 N Charles St; 3111 N Charles St=3111 N Charles St; 3115-3117 St Paul St=3115-3117 St Paul St; 3121 St Paul St=3121 St Paul St; 3201 N Charles St=3201 N Charles St; 3209 North Charles St=3209 North Charles St; 3505 N Charles St=3505 N Charles St; 9 East 33rd=9 East 33rd; Abel Wolman House=Abel Wolman House; Alumni Memorial Residence 1=Alumni Memorial Residence 1; Alumni Memorial Residence 2=Alumni Memorial Residence 2; Alumni Memorial Residence 3-A=Alumni Memorial Residence 3-A; Alumni Memorial Residence 3-B=Alumni Memorial Residence 3-B; Alumni Memorial Residence 3-C=Alumni Memorial Residence 3-C; Ames Hall=Ames Hall; Babb Field at Stromberg Stadium=Babb Field at Stromberg Stadium; Barton Hall=Barton Hall; Bascom Undergraduate Teaching Labs=Bascom Undergraduate Teaching Labs; Bates Tower=Bates Tower; Biology III=Biology III; Bloomberg Instruction Center=Bloomberg Instruction Center; Bloomberg Research Center=Bloomberg Research Center; Bloomberg Student Center=Bloomberg Student Center; Bradford Apartments=Bradford Apartments; Brody Learning Commons=Brody Learning Commons; Carnegie Institute=Carnegie Institute; Charles Apartments=Charles Apartments; Chemistry Building=Chemistry Building; Clark Hall=Clark Hall; Cordish Lacrosse Center=Cordish Lacrosse Center; Croft Hall=Croft Hall; Dell House=Dell House; Dunning Hall=Dunning Hall; Garland Hall=Garland Hall; Gatehouse News-Letter Office=Gatehouse News-Letter Office; Gilman Hall=Gilman Hall; Greenhouse=Greenhouse; Greenhouse South=Greenhouse South; Hackerman Hall=Hackerman Hall; Hodson Hall=Hodson Hall; Homewood Apartments=Homewood Apartments; Homewood Apartments Annex=Homewood Apartments Annex; Homewood Early Learning Center=Homewood Early Learning Center; Homewood House=Homewood House; Hopkins Inn=Hopkins Inn; Imagine Center=Imagine Center; Interfaith Community Center=Interfaith Community Center; Jenkins-Mergenthaler Hall=Jenkins-Mergenthaler Hall; Krieger Hall=Krieger Hall; Latrobe Hall=Latrobe Hall; Levering Hall=Levering Hall; Levi Hall=Levi Hall; Macaulay Hall=Macaulay Hall; Malone Hall=Malone Hall; Maryland Hall=Maryland Hall; Mason Hall=Mason Hall; McCoy Hall=McCoy Hall; Merrick Barn Theatre=Merrick Barn Theatre; Milton S. Eisenhower Library=Milton S. Eisenhower Library; MSEL Annex- Johns Hopkins Club=MSEL Annex- Johns Hopkins Club; Mudd Hall=Mudd Hall; Muller Building=Muller Building; Newton H. White, Jr. Athletic Center=Newton H. White, Jr. Athletic Center; Nichols House=Nichols House; North Chiller Plant=North Chiller Plant; Olin Hall=Olin Hall; Pava Marie LaPere Center for Entrepreneurship=Pava Marie LaPere Center for Entrepreneurship; Power Plant=Power Plant; Privy=Privy; R House=R House; Ralph S. O'Connor Recreation Center=Ralph S. O'Connor Recreation Center; Remsen Hall=Remsen Hall; Rogers House=Rogers House; ROTC Building=ROTC Building; San Martin Center=San Martin Center; San Martin Garage=San Martin Garage; Schelle Pavilion at Homewood Field=Schelle Pavilion at Homewood Field; School of Education=School of Education; Scott Tower=Scott Tower; Shaffer Hall=Shaffer Hall; Shriver Hall=Shriver Hall; Smokler Center for Jewish Life=Smokler Center for Jewish Life; South Garage=South Garage; Steinwald Alumni House=Steinwald Alumni House; STSCI Parking Garage=STSCI Parking Garage; The Academy on Charles=The Academy on Charles; The Study=The Study; West Gate Garage=West Gate Garage; Wolman Hall=Wolman Hall; Wyman Building 1=Wyman Building 1; Wyman Building 2=Wyman Building 2; Wyman Building 3=Wyman Building 3; Exterior =Exterior; SNF Agora=SNF Agora"
Pathways,length_3d,Length in 3D,Double,,True,,
Pathways,level_name_from,From Level Name,String,100,True,,
Pathways,level_name_to,To Level Name,String,100,True,,
Pathways,pathway_rank,Pathway Rank,Integer,,True,DOM_NETWORK_RANK,1=Primary; 2=Secondary; 3=Tertiary
Pathways,pathway_type,Pathway Type,Integer,,True,DOM_NETWORK_TYPE,1=Hallway / Sidewalk; 2=Stairs / Curb; 3=Ramp / Curb Ramp; 4=Elevator / Wheelchair Lift; 5=Escalator; 6=Moving Walkway
Pathways,travel_direction,Travel Direction,Integer,,True,DOM_TRAVEL_DIRECTION,1=Both Directions Allowed; 2=From-To Allowed; 3=To-From Allowed
Pathways,vertical_order,Vertical Order,Integer,,True,,
Pathways,level_id,Level ID,String,255,True,,
Pathways,sourceguid,SourceGUID,GUID,38,True,,
Pathways,walktime,WALKTIME,Double,,True,,
Pathways,pathdisplay,Path Display,String,256,True,dPathDisplay,Building_Center_Path=Building Center Path; Block=Block; Hidden=Hidden
Pathways,pathway_id,Pathway ID,String,50,True,,
Pathways,riser_count,Riser Count,SmallInteger,,True,,
Pathways,directions_name_text,Directions Text,String,255,True,,
Pathways,location_class,Location Class,String,50,True,Location_Class_9,Interior=Interior; Exterior=Exterior; Covered_Exterior=Covered Exterior; Semi_Enclosed=Semi-Enclosed; Underground=Underground; Elevated=Elevated; Other=Other
Pathways,validationstatus,Validation status,SmallInteger,,True,Validation Status,"0=No calculation required, no validation required, no error; 1=No calculation required, no validation required, has error(s); 2=No calculation required, validation required, no error; 3=No calculation required, validation required, has error(s); 4=Calculation required, no validation required, no error; 5=Calculation required, no validation required, has error(s); 6=Calculation required, validation required, no error; 7=Calculation required, validation required, has error(s)"
Pathways,project_number,Project Number,String,255,True,,
Pathways,edit_comment,Edit Comment,String,255,True,,
Pathways,suffix_type,Suffix Type,String,100,True,dSuffixType,Hallway=Hallway; Sidewalk=Sidewalk; Stairs=Stairs; Curb=Curb; Ramp=Ramp; Curb Ramp=Curb Ramp; Elevator=Elevator; Wheelchair Lift=Wheelchair Lift; Escalator=Escalator; Moving Walkway=Moving Walkway; Bridge=Bridge; Tunnel=Tunnel; Breezeway=Breezeway; Temporary Pathway=Temporary Pathway; Crosswalk=Crosswalk
Pathways,SHAPE__Length,SHAPE__Length,Double,,True,,
Polygon Barriers,project_name,Project Name,String,255,True,,
Polygon Barriers,expected_start_date,Expected Start Date,Date,29,True,,
Polygon Barriers,expected_end_date,Expected End Date,Date,29,True,,
Polygon Barriers,hub_link,Hub Link,String,255,True,,
Polygon Barriers,objectid,OBJECTID,OID,4,False,,
Polygon Barriers,globalid,GlobalID,GlobalID,38,False,,
Landmarks,objectid,ObjectID,OID,4,False,,
Landmarks,description,Description,String,255,True,,
Landmarks,level_id,Level ID,String,255,True,,
Landmarks,vertical_order,Vertical Order,Integer,,False,,
Landmarks,created_user,created_user,String,255,True,,
Landmarks,created_date,created_date,Date,29,True,,
Landmarks,last_edited_user,last_edited_user,String,255,True,,
Landmarks,last_edited_date,last_edited_date,Date,29,True,,
Landmarks,landmark_type,Landmark Type,String,255,True,Landmark_Type,Art Installation=Art Installation; Elevator=Elevator; Quad=Quad; Tunnel Entrance=Tunnel Entrance; Other=Other
Elevators,objectid,ObjectID,OID,4,False,,
Elevators,description,Description,String,255,True,,
Elevators,level_id,Level ID,String,255,True,,
Elevators,vertical_order,Vertical Order,Integer,,False,,
Elevators,created_user,Created User,String,255,True,,
Elevators,created_date,Created Date,Date,29,True,,
Elevators,last_edited_user,Last Edited User,String,255,True,,
Elevators,last_edited_date,Last Edited Date,Date,29,True,,
Elevators,facility_name,Facility Name,String,255,True,,
Elevators,facility_id,Facility ID,String,255,True,,
Elevators,globalid,GlobalID,GlobalID,38,False,,
Elevators,image_url,Image URL,String,5000,True,,
Entryways-All,objectid,OBJECTID,OID,4,False,,
Entryways-All,use_type,Use Type,String,50,True,,
Entryways-All,asset_id,ID,String,15,True,,
Entryways-All,accessible_entrance,Accessible Entrance,String,5,True,Entryways_accessible_entrance_43208c7a-730d-4756-8f06-a4bed0b42f99,N=No; Y=Yes
Entryways-All,globalid,GlobalID,GlobalID,38,False,,
Entryways-All,geo_level,Floor Level,Integer,,True,Entryways_geo_level_38912099-4ef8-4a88-8b1c-595a3c7d7953_12,-2=Sub-Basement; -1=Basement; 0=Ground Floor; 1=1st Floor; 2=2nd Floor; 3=3rd Floor; 4=4th Floor
Entryways-All,automatic_door,Automatic Door Opener,String,3,True,Entryways_automatic_door_0a11ec81-8b69-4fbc-85d3-bca90b7872ab,Y=Yes; N=No
Entryways-All,magnetic_swipe,J-Card Reader,String,50,True,Entryways_magnetic_swipe_a9a59c2b-46eb-43a2-85f9-43755b54c490,Y=Yes; N=No
Entryways-All,isa_sign,ADA Sign,String,5,True,Entryways_isa_sign_85b0e65c-07db-4d82-8d36-0ede3d6471af,Y=Yes; N=No
Entryways-All,entrance_name,Entrance Name,String,50,True,,
Entryways-All,image_url,Image URL,String,5000,True,,
Entryways-All,facility_id,Facility ID,String,255,True,,
Entryways-All,created_user,Created User,String,255,True,,
Entryways-All,created_date,Created Date,Date,29,True,,
Entryways-All,last_edited_user,Last Edited User,String,255,True,,
Entryways-All,last_edited_date,Last Edited Date,Date,29,True,,
Entryways-All,validationstatus,Validation status,SmallInteger,,True,Validation Status,"0=No calculation required, no validation required, no error; 1=No calculation required, no validation required, has error(s); 2=No calculation required, validation required, no error; 3=No calculation required, validation required, has error(s); 4=Calculation required, no validation required, no error; 5=Calculation required, no validation required, has error(s); 6=Calculation required, validation required, no error; 7=Calculation required, validation required, has error(s)"
Entryways-All,project_number,Project Number,String,255,True,,
Entryways-All,change_type,Edit Type,String,100,True,,
Entryways-All,edit_comment,Edit_Comment,String,255,True,,
Entryways-Accessible,objectid,OBJECTID,OID,4,False,,
Entryways-Accessible,use_type,Use Type,String,50,True,,
Entryways-Accessible,asset_id,ID,String,15,True,,
Entryways-Accessible,accessible_entrance,Accessible Entrance,String,5,True,Entryways_accessible_entrance_43208c7a-730d-4756-8f06-a4bed0b42f99,N=No; Y=Yes
Entryways-Accessible,globalid,GlobalID,GlobalID,38,False,,
Entryways-Accessible,geo_level,Floor Level,Integer,,True,Entryways_geo_level_38912099-4ef8-4a88-8b1c-595a3c7d7953_12,-2=Sub-Basement; -1=Basement; 0=Ground Floor; 1=1st Floor; 2=2nd Floor; 3=3rd Floor; 4=4th Floor
Entryways-Accessible,automatic_door,Automatic Door Opener,String,3,True,Entryways_automatic_door_0a11ec81-8b69-4fbc-85d3-bca90b7872ab,Y=Yes; N=No
Entryways-Accessible,magnetic_swipe,J-Card Reader,String,50,True,Entryways_magnetic_swipe_a9a59c2b-46eb-43a2-85f9-43755b54c490,Y=Yes; N=No
Entryways-Accessible,isa_sign,ADA Sign,String,5,True,Entryways_isa_sign_85b0e65c-07db-4d82-8d36-0ede3d6471af,Y=Yes; N=No
Entryways-Accessible,entrance_name,Entrance Name,String,50,True,,
Entryways-Accessible,image_url,Image URL,String,5000,True,,
Entryways-Accessible,facility_id,Facility ID,String,255,True,,
Entryways-Accessible,created_user,Created User,String,255,True,,
Entryways-Accessible,created_date,Created Date,Date,29,True,,
Entryways-Accessible,last_edited_user,Last Edited User,String,255,True,,
Entryways-Accessible,last_edited_date,Last Edited Date,Date,29,True,,
Entryways-Accessible,validationstatus,Validation status,SmallInteger,,True,Validation Status,"0=No calculation required, no validation required, no error; 1=No calculation required, no validation required, has error(s); 2=No calculation required, validation required, no error; 3=No calculation required, validation required, has error(s); 4=Calculation required, no validation required, no error; 5=Calculation required, no validation required, has error(s); 6=Calculation required, validation required, no error; 7=Calculation required, validation required, has error(s)"
Entryways-Accessible,project_number,Project Number,String,255,True,,
Entryways-Accessible,change_type,Edit Type,String,100,True,,
Entryways-Accessible,edit_comment,Edit_Comment,String,255,True,,
